160429,BAYU CAHYO HUTOYO,KHUSUS - JULI 2026,BA,U35.10.20260702.7,10514057,"112,608"
160429,BAYU CAHYO HUTOYO,REGULER,BD,35.10.20260802.16,10580876,"6,000"
160429,BAYU CAHYO HUTOYO,REGULER,BN,35.10.20260803.11,10488667,"1,000"
160429,BAYU CAHYO HUTOYO,REGULER,BO,35.10.20260803.13,10599268,"1,000"
160429,BAYU CAHYO HUTOYO,REGULER,BM,35.10.20260805.10,10593744,"2,000"
160429,BAYU CAHYO HUTOYO,REGULER,BM,35.10.20260805.10,10593570,"2,000"
160429,BAYU CAHYO HUTOYO,REGULER,BM,35.10.20260805.10,10593740,"2,000"
160429,BAYU CAHYO HUTOYO,REGULER,BL,35.10.20260805.11,10550395,"3,000"
160429,BAYU CAHYO HUTOYO,REGULER,BJ,35.10.20260805.12,10627725,"4,000"
160429,BAYU CAHYO HUTOYO,REGULER,BM,35.10.20260806.9,10593570,"2,000"
160429,BAYU CAHYO HUTOYO,REGULER,BL,35.10.20260806.9,10706236,"3,000"
160429,BAYU CAHYO HUTOYO,SPECIAL,BJ,35.10.20260806.9,10627725,"4,000"
160429,BAYU CAHYO HUTOYO,REGULER,BL,35.10.20260807.3,10706236,"3,000"
160429,BAYU CAHYO HUTOYO,REGULER,BK,35.10.20260808.13,10667469,"3,600"
160429,BAYU CAHYO HUTOYO,REGULER,BM,35.10.20260808.13,10593570,"2,000"
160429,BAYU CAHYO HUTOYO,REGULER,BM,35.10.20260808.13,10593744,"2,000"
160429,BAYU CAHYO HUTOYO,REGULER,BM,35.10.20260808.13,10594886,"2,000"
160429,BAYU CAHYO HUTOYO,REGULER,BN,35.10.20260808.13,10263752,"1,000"
160429,BAYU CAHYO HUTOYO,SPECIAL,BJ,35.10.20260808.13,10627725,"4,000"
160429,BAYU CAHYO HUTOYO,BOOSTER AGT 2026 - ACCS,BM,35.10.20260808.13,10594886,"25,000"
160429,BAYU CAHYO HUTOYO,REGULER,BD,U35.10.20260808.2,10616597,"35,000"
160429,BAYU CAHYO HUTOYO,REGULER,BO,35.10.20260809.11,10599264,"1,000"
160429,BAYU CAHYO HUTOYO,SPECIAL,BJ,35.10.20260809.11,10627725,"4,000"
160429,BAYU CAHYO HUTOYO,REGULER,BK,35.10.20260810.14,10667469,"2,400"
160429,BAYU CAHYO HUTOYO,SPECIAL,BJ,35.10.20260810.14,10627725,"4,000"
160429,BAYU CAHYO HUTOYO,REGULER,BM,35.10.20260812.8,10593570,"2,000"
160429,BAYU CAHYO HUTOYO,SPECIAL,BJ,35.10.20260812.8,10627725,"4,000"
160429,BAYU CAHYO HUTOYO,REGULER,BN,35.10.20260813.10,10263752,"1,000"
160429,BAYU CAHYO HUTOYO,REGULER,BM,35.10.20260813.10,10593744,"2,000"
160429,BAYU CAHYO HUTOYO,REGULER,BM,35.10.20260813.10,10593570,"2,000"
160429,BAYU CAHYO HUTOYO,REGULER,BM,35.10.20260814.15,10593570,"2,000"
160429,BAYU CAHYO HUTOYO,SPECIAL,BJ,35.10.20260814.15,10627725,"4,000"
160429,BAYU CAHYO HUTOYO,REGULER,BL,35.10.20260815.26,10550395,"3,000"
160429,BAYU CAHYO HUTOYO,SPECIAL,BJ,35.10.20260815.26,10627725,"4,000"
160429,BAYU CAHYO HUTOYO,REGULER,BO,35.10.20260816.14,10599264,"1,000"
160429,BAYU CAHYO HUTOYO,REGULER,BM,35.10.20260816.14,10593570,"2,000"
160429,BAYU CAHYO HUTOYO,REGULER,BK,35.10.20260817.16,10667469,"3,600"
160429,BAYU CAHYO HUTOYO,SPECIAL,BJ,35.10.20260817.16,10627725,"4,000"
160429,BAYU CAHYO HUTOYO,REGULER,BO,35.10.20260818.15,10599264,"1,000"
160429,BAYU CAHYO HUTOYO,REGULER,BM,35.10.20260819.7,10593570,"2,000"
160429,BAYU CAHYO HUTOYO,REGULER,BM,35.10.20260820.5,10593570,"2,000"
160429,BAYU CAHYO HUTOYO,REGULER,BM,35.10.20260821.14,10593570,"2,000"
160429,BAYU CAHYO HUTOYO,REGULER,BM,35.10.20260821.14,10593744,"2,000"
160429,BAYU CAHYO HUTOYO,REGULER,BL,35.10.20260822.18,10550395,"3,000"
160429,BAYU CAHYO HUTOYO,REGULER,BO,35.10.20260822.18,10599264,"1,000"
160429,BAYU CAHYO HUTOYO,SPECIAL,BJ,35.10.20260822.18,10627725,"4,000"
160429,BAYU CAHYO HUTOYO,REGULER,BO,35.10.20260823.15,10599264,"1,000"
160429,BAYU CAHYO HUTOYO,REGULER,BM,35.10.20260824.8,10593570,"2,000"
160429,BAYU CAHYO HUTOYO,REGULER,BM,35.10.20260824.8,10593744,"2,000"
160429,BAYU CAHYO HUTOYO,SPECIAL,BJ,35.10.20260824.8,10627725,"4,000"
160429,BAYU CAHYO HUTOYO,REGULER,BM,35.10.20260825.12,10593570,"2,000"
160429,BAYU CAHYO HUTOYO,REGULER,BK,35.10.20260825.12,10667469,"2,400"
160429,BAYU CAHYO HUTOYO,SPECIAL,BJ,35.10.20260825.12,10627725,"4,000"
160429,BAYU CAHYO HUTOYO,REGULER,BO,35.10.20260826.9,10599264,"1,000"
160429,BAYU CAHYO HUTOYO,REGULER,BK,35.10.20260826.9,10667469,"2,400"
160429,BAYU CAHYO HUTOYO,REGULER,BM,35.10.20260827.12,10593570,"2,000"
160429,BAYU CAHYO HUTOYO,SPECIAL,BJ,35.10.20260827.12,10627725,"4,000"
160429,BAYU CAHYO HUTOYO,REGULER,BO,35.10.20260828.11,10599264,"1,000"
160429,BAYU CAHYO HUTOYO,REGULER,BM,35.10.20260828.11,10593570,"2,000"
160429,BAYU CAHYO HUTOYO,REGULER,BK,35.10.20260828.11,10667469,"2,400"
160429,BAYU CAHYO HUTOYO,SPECIAL,BJ,35.10.20260828.11,10627725,"4,000"
160429,BAYU CAHYO HUTOYO,REGULER,BO,35.10.20260829.13,10599264,"1,000"
160429,BAYU CAHYO HUTOYO,SPECIAL,BJ,35.10.20260829.13,10627725,"4,000"
160429,BAYU CAHYO HUTOYO,REGULER,BL,35.10.20260830.15,10550395,"3,000"
160429,BAYU CAHYO HUTOYO,REGULER,BO,35.10.20260830.15,10599264,"1,000"
160429,BAYU CAHYO HUTOYO,SPECIAL,BJ,35.10.20260830.15,10627725,"4,000"
160429,BAYU CAHYO HUTOYO,REGULER,BM,35.10.20260831.9,10593570,"2,000"
160429,BAYU CAHYO HUTOYO,REGULER,BK,35.10.20260831.9,10667469,"2,400"
160429,BAYU CAHYO HUTOYO,SPECIAL,BJ,35.10.20260831.9,10627725,"4,000"
176137,RAHMAT ADITYA,KHUSUS - JULI 2026,BA,U35.10.20260715.11,10514058,"225,216"
176137,RAHMAT ADITYA,REGULER,BD,35.10.20260801.37,10580876,"6,000"
176137,RAHMAT ADITYA,REGULER,BL,35.10.20260802.24,10706236,"3,000"
176137,RAHMAT ADITYA,SPECIAL,BJ,35.10.20260802.24,10627725,"4,000"
176137,RAHMAT ADITYA,REGULER,BM,35.10.20260803.15,10593570,"2,000"
176137,RAHMAT ADITYA,REGULER,BM,35.10.20260803.15,10593744,"2,000"
176137,RAHMAT ADITYA,REGULER,BL,35.10.20260804.14,10706236,"3,000"
176137,RAHMAT ADITYA,SPECIAL,BJ,35.10.20260804.14,10627725,"4,000"
176137,RAHMAT ADITYA,REGULER,BM,35.10.20260805.15,10593570,"2,000"
176137,RAHMAT ADITYA,REGULER,BK,35.10.20260806.14,10667469,"3,600"
176137,RAHMAT ADITYA,REGULER,BM,35.10.20260806.14,10593570,"2,000"
176137,RAHMAT ADITYA,REGULER,BM,35.10.20260807.8,10593570,"2,000"
176137,RAHMAT ADITYA,SPECIAL,BJ,35.10.20260807.8,10627725,"4,000"
176137,RAHMAT ADITYA,REGULER,BM,35.10.20260808.20,10593570,"2,000"
176137,RAHMAT ADITYA,REGULER,BO,35.10.20260808.20,10599264,"1,000"
176137,RAHMAT ADITYA,SPECIAL,BJ,35.10.20260808.20,10627725,"4,000"
176137,RAHMAT ADITYA,REGULER,BM,35.10.20260809.18,10593570,"2,000"
176137,RAHMAT ADITYA,REGULER,BL,35.10.20260810.19,10706236,"3,000"
176137,RAHMAT ADITYA,SPECIAL,BJ,35.10.20260810.19,10627725,"4,000"
176137,RAHMAT ADITYA,REGULER,BM,35.10.20260811.12,10593570,"2,000"
176137,RAHMAT ADITYA,REGULER,BM,35.10.20260812.14,10593570,"2,000"
176137,RAHMAT ADITYA,REGULER,BL,35.10.20260813.16,10706236,"3,000"
176137,RAHMAT ADITYA,SPECIAL,BJ,35.10.20260813.16,10627725,"4,000"
176137,RAHMAT ADITYA,REGULER,BO,35.10.20260814.19,10599264,"1,000"
176137,RAHMAT ADITYA,REGULER,BM,35.10.20260815.31,10593570,"2,000"
176137,RAHMAT ADITYA,SPECIAL,BJ,35.10.20260815.31,10627725,"4,000"
176137,RAHMAT ADITYA,REGULER,BL,35.10.20260816.18,10706236,"3,000"
176137,RAHMAT ADITYA,SPECIAL,BJ,35.10.20260816.18,10627725,"4,000"
176137,RAHMAT ADITYA,REGULER,BM,35.10.20260817.21,10593570,"2,000"
176137,RAHMAT ADITYA,REGULER,BM,35.10.20260818.19,10593570,"2,000"
176137,RAHMAT ADITYA,SPECIAL,BJ,35.10.20260818.19,10627725,"4,000"
176137,RAHMAT ADITYA,REGULER,BL,35.10.20260819.12,10706236,"3,000"
176137,RAHMAT ADITYA,SPECIAL,BJ,35.10.20260819.12,10627725,"4,000"
176137,RAHMAT ADITYA,REGULER,BM,35.10.20260820.10,10593570,"2,000"
176137,RAHMAT ADITYA,REGULER,BM,35.10.20260821.19,10593570,"2,000"
176137,RAHMAT ADITYA,SPECIAL,BJ,35.10.20260821.19,10627725,"4,000"
176137,RAHMAT ADITYA,REGULER,BL,35.10.20260822.23,10706236,"3,000"
176137,RAHMAT ADITYA,SPECIAL,BJ,35.10.20260822.23,10627725,"4,000"
176137,RAHMAT ADITYA,REGULER,BM,35.10.20260823.20,10593570,"2,000"
176137,RAHMAT ADITYA,REGULER,BM,35.10.20260824.13,10593570,"2,000"
176137,RAHMAT ADITYA,SPECIAL,BJ,35.10.20260824.13,10627725,"4,000"
176137,RAHMAT ADITYA,REGULER,BM,35.10.20260825.17,10593570,"2,000"
176137,RAHMAT ADITYA,REGULER,BL,35.10.20260826.14,10706236,"3,000"
176137,RAHMAT ADITYA,SPECIAL,BJ,35.10.20260826.14,10627725,"4,000"
176137,RAHMAT ADITYA,REGULER,BM,35.10.20260827.17,10593570,"2,000"
176137,RAHMAT ADITYA,REGULER,BM,35.10.20260828.16,10593570,"2,000"
176137,RAHMAT ADITYA,SPECIAL,BJ,35.10.20260828.16,10627725,"4,000"
176137,RAHMAT ADITYA,REGULER,BL,35.10.20260829.18,10706236,"3,000"
176137,RAHMAT ADITYA,SPECIAL,BJ,35.10.20260829.18,10627725,"4,000"
176137,RAHMAT ADITYA,REGULER,BM,35.10.20260830.20,10593570,"2,000"
176137,RAHMAT ADITYA,REGULER,BM,35.10.20260831.14,10593570,"2,000"
176137,RAHMAT ADITYA,SPECIAL,BJ,35.10.20260831.14,10627725,"4,000"
