NIP,NAMA,TIPE INSENTIF,DEPARTEMENT,NO RECEIPT,SKU,JUMLAH INSENTF
101853,RIKI SUBAGJA,KHUSUS - JULI 2026,BA,U35.8.20260705.10,10514058,"337,824"
101853,RIKI SUBAGJA,KHUSUS - JULI 2026,BA,U35.10.20260709.10,10681077,"41,432"
101853,RIKI SUBAGJA,KHUSUS - JULI 2026,BA,U35.6.20260714.1,10580600,"316,204"
101853,RIKI SUBAGJA,KHUSUS - JULI 2026,BA,U35.6.20260719.2,10682676,"470,254"
101853,RIKI SUBAGJA,REGULER,BD,35.7.20260802.32,10580876,"6,000"
101853,RIKI SUBAGJA,REGULER,BC,U35.10.20260802.12,10649111,"65,000"
101853,RIKI SUBAGJA,REGULER,BC,U35.10.20260802.12,10649178,"130,000"
101853,RIKI SUBAGJA,KHUSUS,BC,U35.10.20260802.12,10649111,"200,000"
101853,RIKI SUBAGJA,KHUSUS,BC,U35.10.20260802.12,10649178,"200,000"
101853,RIKI SUBAGJA,KHUSUS,BA,U35.10.20260802.13,10665626,"49,541"
101853,RIKI SUBAGJA,REGULER,BQ,U35.13.20260802.2,10666133,"10,000"
101853,RIKI SUBAGJA,REGULER,BP,U35.13.20260802.2,10547859,"22,800"
101853,RIKI SUBAGJA,REGULER,BO,35.13.20260804.15,10666060,"2,000"
101853,RIKI SUBAGJA,SPECIAL,BJ,35.13.20260804.15,10572378,"4,000"
101853,RIKI SUBAGJA,SPECIAL,BJ,35.13.20260804.15,10572385,"8,000"
101853,RIKI SUBAGJA,SPECIAL,BJ,35.13.20260804.15,10572019,"11,000"
101853,RIKI SUBAGJA,SPECIAL,BN,35.7.20260804.13,10559958,"5,000"
101853,RIKI SUBAGJA,SPECIAL,BN,35.7.20260804.13,10559961,"5,000"
101853,RIKI SUBAGJA,REGULER,BM,35.6.20260806.8,10599300,"9,000"
101853,RIKI SUBAGJA,BOOSTER AGT 2026 - ACCS,BM,35.6.20260806.8,10599300,"25,000"
101853,RIKI SUBAGJA,REGULER,BQ,U35.8.20260808.10,10176805,"40,000"
101853,RIKI SUBAGJA,REGULER,BQ,U35.8.20260808.10,10499722,"35,000"
101853,RIKI SUBAGJA,REGULER,BP,U35.8.20260808.10,10532346,"54,000"
101853,RIKI SUBAGJA,REGULER,BP,U35.8.20260808.10,10678592,"48,000"
101853,RIKI SUBAGJA,BOOSTER AGT 2026 - FURNI,BP,U35.8.20260808.10,10532346,"70,000"
101853,RIKI SUBAGJA,REGULER,BP,U35.8.20260808.9,10603389,"36,000"
101853,RIKI SUBAGJA,REGULER,BQ,U35.8.20260808.9,10666133,"25,000"
101853,RIKI SUBAGJA,REGULER,BP,U35.8.20260808.9,10581753,"60,000"
101853,RIKI SUBAGJA,REGULER,BP,U35.8.20260808.9,10603397,"36,000"
101853,RIKI SUBAGJA,REGULER,BP,U35.8.20260808.9,10581857,"24,000"
101853,RIKI SUBAGJA,REGULER,BK,35.6.20260809.39,10616484,"4,800"
101853,RIKI SUBAGJA,REGULER,BM,35.6.20260809.39,10599301,"2,000"
101853,RIKI SUBAGJA,REGULER,BO,35.6.20260809.39,10570203,"1,000"
101853,RIKI SUBAGJA,REGULER,BO,35.6.20260809.39,10632202,"2,000"
101853,RIKI SUBAGJA,REGULER,BD,U35.6.20260809.11,10626145,"45,000"
101853,RIKI SUBAGJA,KHUSUS,BA,U35.6.20260809.11,10578759,"175,662"
101853,RIKI SUBAGJA,REGULER,BQ,U35.13.20260810.1,10666138,"45,000"
101853,RIKI SUBAGJA,REGULER,BQ,U35.13.20260810.1,10666137,"45,000"
101853,RIKI SUBAGJA,REGULER,BQ,U35.13.20260810.1,10666136,"200,000"
101853,RIKI SUBAGJA,REGULER,BQ,U35.13.20260810.1,10666135,"200,000"
101853,RIKI SUBAGJA,REGULER,BQ,U35.13.20260810.1,10588647,"30,000"
101853,RIKI SUBAGJA,REGULER,BK,35.78.20260814.57,10664356,"3,600"
101853,RIKI SUBAGJA,REGULER,BM,35.78.20260814.60,10593744,"2,000"
101853,RIKI SUBAGJA,REGULER,BM,35.78.20260814.73,10593570,"3,000"
101853,RIKI SUBAGJA,REGULER,BL,35.78.20260815.1,10457022,"8,000"
101853,RIKI SUBAGJA,BOOSTER AGT 2026 - ACCS,BL,35.78.20260815.1,10457022,"25,000"
101853,RIKI SUBAGJA,REGULER,BO,35.78.20260815.12,10632602,"1,000"
101853,RIKI SUBAGJA,REGULER,BN,35.78.20260815.13,10263752,"1,000"
101853,RIKI SUBAGJA,SPECIAL,BN,35.78.20260815.17,10189349,"7,000"
101853,RIKI SUBAGJA,SPECIAL,BN,35.78.20260815.17,10178463,"8,000"
101853,RIKI SUBAGJA,SPECIAL,BN,35.78.20260815.17,10189347,"8,000"
101853,RIKI SUBAGJA,REGULER,BN,35.78.20260815.20,10612063,"1,000"
101853,RIKI SUBAGJA,SPECIAL,BJ,35.78.20260815.28,10610086,"4,000"
101853,RIKI SUBAGJA,SPECIAL,BN,35.78.20260815.31,10471258,"6,000"
101853,RIKI SUBAGJA,SPECIAL,BN,35.78.20260815.35,10567959,"8,000"
101853,RIKI SUBAGJA,SPECIAL,BN,35.78.20260815.37,10567959,"8,000"
101853,RIKI SUBAGJA,SPECIAL,BN,35.78.20260815.43,10553952,"5,000"
101853,RIKI SUBAGJA,REGULER,BN,35.78.20260815.46,10263752,"1,000"
101853,RIKI SUBAGJA,REGULER,BN,35.78.20260815.46,10686584,"3,000"
101853,RIKI SUBAGJA,SPECIAL,BJ,35.78.20260815.5,10666982,"2,000"
101853,RIKI SUBAGJA,REGULER,BM,35.78.20260815.59,10102966,"3,000"
101853,RIKI SUBAGJA,REGULER,BJ,35.78.20260815.6,10627725,"2,000"
101853,RIKI SUBAGJA,REGULER,BN,35.78.20260815.63,10291595,"2,000"
101853,RIKI SUBAGJA,REGULER,BJ,35.78.20260815.7,10627725,"2,000"
101853,RIKI SUBAGJA,SPECIAL,BN,35.78.20260815.8,10553950,"5,000"
101853,RIKI SUBAGJA,REGULER,BR,U35.13.20260815.7,10275775,"37,500"
101853,RIKI SUBAGJA,REGULER,BN,35.10.20260816.25,10513431,"5,000"
101853,RIKI SUBAGJA,REGULER,BO,35.10.20260816.25,10569256,"1,000"
101853,RIKI SUBAGJA,SPECIAL,BN,35.10.20260816.25,10666235,"10,000"
101853,RIKI SUBAGJA,REGULER,BO,35.78.20260816.2,10570203,"1,000"
101853,RIKI SUBAGJA,REGULER,BL,35.78.20260816.4,10483294,"1,000"
101853,RIKI SUBAGJA,SPECIAL,BJ,35.78.20260816.5,10572390,"5,000"
101853,RIKI SUBAGJA,REGULER,BK,35.8.20260816.5,10437788,"4,800"
101853,RIKI SUBAGJA,REGULER,BL,35.8.20260816.5,10554219,"7,000"
101853,RIKI SUBAGJA,BOOSTER AGT 2026 - ACCS,BK,35.8.20260816.5,10437788,"13090,03"
101853,RIKI SUBAGJA,BOOSTER AGT 2026 - ACCS,BK,35.8.20260816.5,10656084,"1726,4"
101853,RIKI SUBAGJA,BOOSTER AGT 2026 - ACCS,BK,35.8.20260816.5,10656086,"1726,4"
101853,RIKI SUBAGJA,BOOSTER AGT 2026 - ACCS,BK,35.8.20260816.5,10670572,"2819,06"
101853,RIKI SUBAGJA,BOOSTER AGT 2026 - ACCS,BK,35.8.20260816.5,10702662,"5638,11"
101853,RIKI SUBAGJA,BOOSTER AGT 2026 - ACCS,BL,35.8.20260816.5,10554219,"25,000"
101853,RIKI SUBAGJA,REGULER,BO,35.4.20260817.37,10594772,"1,000"
101853,RIKI SUBAGJA,SPECIAL,BJ,35.4.20260817.7,10676770,"30,000"
101853,RIKI SUBAGJA,REGULER,BD,U35.3.20260817.3,10704749,"85,000"
101853,RIKI SUBAGJA,SPECIAL,BD,U35.3.20260817.3,10655961,"200,000"
101853,RIKI SUBAGJA,REGULER,BD,U35.4.20260817.20,10093443,"335,000"
101853,RIKI SUBAGJA,SPECIAL,BD,U35.4.20260817.20,10445930,0
101853,RIKI SUBAGJA,BOOSTER AGT 2026 - FURNI,BD,U35.4.20260817.20,10445930,"100,000"
101853,RIKI SUBAGJA,BOOSTER AGT 2026 - FURNI,BF,U35.4.20260817.20,10639211,"70,000"
101853,RIKI SUBAGJA,REGULER,BF,U35.4.20260817.21,10629266,"80,000"
101853,RIKI SUBAGJA,SPECIAL,BJ,U35.4.20260817.21,10647654,"30,000"
101853,RIKI SUBAGJA,SPECIAL,BJ,U35.4.20260817.21,10603217,"150,000"
101853,RIKI SUBAGJA,SPECIAL,BJ,U35.4.20260817.21,10560078,"7,000"
101853,RIKI SUBAGJA,SPECIAL,BJ,U35.4.20260817.21,10654375,"6,000"
101853,RIKI SUBAGJA,SPECIAL,BJ,U35.4.20260817.21,10603211,"75,000"
101853,RIKI SUBAGJA,SPECIAL,BJ,U35.4.20260817.21,10655211,"75,000"
101853,RIKI SUBAGJA,REGULER,BA,U35.10.20260823.4,10511955,0
101853,RIKI SUBAGJA,REGULER,BA,U35.10.20260823.4,10095764,"30,000"
101853,RIKI SUBAGJA,KHUSUS,BA,U35.10.20260823.4,10609697,"948,076"
101853,RIKI SUBAGJA,BOOSTER AGT 2026 - FURNI,BA,U35.10.20260823.4,10609697,"600,000"
101853,RIKI SUBAGJA,REGULER,BQ,U35.13.20260824.1,X078342,"45,000"
101853,RIKI SUBAGJA,SPECIAL,BG,U35.4.20260826.7,10685700,"80,000"
101853,RIKI SUBAGJA,BOOSTER AGT 2026 - FURNI,BG,U35.4.20260826.7,10685700,"30,000"
101853,RIKI SUBAGJA,REGULER,BA,U35.6.20260827.3,10095764,"30,000"
101853,RIKI SUBAGJA,REGULER,BD,U35.10.20260829.1,10108184,"155,000"
101853,RIKI SUBAGJA,REGULER,BQ,U35.4.20260830.2,10548350,"20,000"
101853,RIKI SUBAGJA,REGULER,BQ,U35.4.20260830.2,10564050,"30,000"
101853,RIKI SUBAGJA,REGULER,BQ,U35.4.20260830.2,10564053,"30,000"
101853,RIKI SUBAGJA,BOOSTER AGT 2026 - FURNI,BQ,U35.4.20260830.2,10548350,"30,000"
101853,RIKI SUBAGJA,BOOSTER AGT 2026 - FURNI,BQ,U35.4.20260830.2,10564050,"50,000"
101853,RIKI SUBAGJA,BOOSTER AGT 2026 - FURNI,BQ,U35.4.20260830.2,10564053,"40,000"
101853,RIKI SUBAGJA,KHUSUS,BA,U35.10.20260831.12,10679269,"207,198"
176140,WAHYU PERMANA,KHUSUS - JULI 2026,BA,U35.10.20260702.6,10685019,"22,514"
176140,WAHYU PERMANA,KHUSUS - JULI 2026,BA,U35.7.20260705.13,10521414,"405,212"
176140,WAHYU PERMANA,KHUSUS - JULI 2026,BA,U35.3.20260726.3,10521414,"405,212"
176140,WAHYU PERMANA,REGULER,BM,U35.3.20260801.12,10021016,"7,000"
176140,WAHYU PERMANA,BOOSTER AGT 2026 - ACCS,BM,U35.3.20260801.12,10021016,"25,000"
176140,WAHYU PERMANA,REGULER,BM,U35.3.20260801.13,10594886,"2,000"
176140,WAHYU PERMANA,REGULER,BM,U35.3.20260801.13,10021016,"7,000"
176140,WAHYU PERMANA,BOOSTER AGT 2026 - ACCS,BM,U35.3.20260801.13,10021016,"18291,19"
176140,WAHYU PERMANA,BOOSTER AGT 2026 - ACCS,BM,U35.3.20260801.13,10594886,"6708,81"
176140,WAHYU PERMANA,REGULER,BN,35.7.20260802.3,10541166,"2,000"
176140,WAHYU PERMANA,SPECIAL,BL,U35.8.20260802.3,10690161,"70,000"
176140,WAHYU PERMANA,SPECIAL,BL,U35.8.20260802.3,10690162,"150,000"
176140,WAHYU PERMANA,BOOSTER AGT 2026 - ACCS,BL,U35.8.20260802.3,10690161,"90057,22"
176140,WAHYU PERMANA,BOOSTER AGT 2026 - ACCS,BL,U35.8.20260802.3,10690162,"184942,78"
176140,WAHYU PERMANA,KHUSUS,BA,U35.6.20260803.5,10553775,"44,135"
176140,WAHYU PERMANA,REGULER,BO,35.6.20260804.1,10523704,0
176140,WAHYU PERMANA,SPECIAL,BL,U35.8.20260804.5,10571375,"50,000"
176140,WAHYU PERMANA,SPECIAL,BL,U35.8.20260804.5,10571376,"50,000"
176140,WAHYU PERMANA,BOOSTER AGT 2026 - ACCS,BL,U35.8.20260804.5,10571375,"75,000"
176140,WAHYU PERMANA,BOOSTER AGT 2026 - ACCS,BL,U35.8.20260804.5,10571376,"75,000"
176140,WAHYU PERMANA,SPECIAL,BB,U35.10.20260805.4,10686112,"200,000"
176140,WAHYU PERMANA,REGULER,BK,35.8.20260806.20,10707250,"24,000"
176140,WAHYU PERMANA,BOOSTER AGT 2026 - ACCS,BK,35.8.20260806.20,10707250,"75,000"
176140,WAHYU PERMANA,REGULER,BP,U35.13.20260806.10,10060253,"84,000"
176140,WAHYU PERMANA,REGULER,BP,U35.13.20260806.10,10072164,"18,000"
176140,WAHYU PERMANA,REGULER,BM,U35.13.20260806.11,10102966,"4,000"
176140,WAHYU PERMANA,REGULER,BP,U35.13.20260806.11,10060253,"66,000"
176140,WAHYU PERMANA,REGULER,BP,U35.13.20260806.11,10698113,"20,400"
176140,WAHYU PERMANA,KHUSUS,BA,U35.8.20260806.2,10533150,"168,905"
176140,WAHYU PERMANA,REGULER,BL,35.10.20260808.14,10624942,"19,000"
176140,WAHYU PERMANA,REGULER,BN,35.10.20260808.14,10489775,"2,000"
176140,WAHYU PERMANA,REGULER,BL,35.10.20260808.14,10503171,"5,000"
176140,WAHYU PERMANA,REGULER,BN,35.10.20260808.14,10422357,"2,000"
176140,WAHYU PERMANA,REGULER,BL,35.10.20260808.14,10708309,"11,000"
176140,WAHYU PERMANA,REGULER,BN,35.10.20260808.14,10584183,"3,000"
176140,WAHYU PERMANA,REGULER,BL,35.10.20260808.14,10706237,"1,000"
176140,WAHYU PERMANA,BOOSTER AGT 2026 - ACCS,BK,35.10.20260808.14,X006138,"1442,79"
176140,WAHYU PERMANA,BOOSTER AGT 2026 - ACCS,BK,35.10.20260808.14,X033306,"24104,48"
176140,WAHYU PERMANA,BOOSTER AGT 2026 - ACCS,BK,35.10.20260808.14,X138129,"20820,9"
176140,WAHYU PERMANA,BOOSTER AGT 2026 - ACCS,BK,35.10.20260808.14,X158271,"3631,84"
176140,WAHYU PERMANA,BOOSTER AGT 2026 - ACCS,BL,35.10.20260808.14,10503171,"18339,46"
176140,WAHYU PERMANA,BOOSTER AGT 2026 - ACCS,BL,35.10.20260808.14,10624942,"67787,7"
176140,WAHYU PERMANA,BOOSTER AGT 2026 - ACCS,BL,35.10.20260808.14,10659660,"13084,6"
176140,WAHYU PERMANA,BOOSTER AGT 2026 - ACCS,BL,35.10.20260808.14,10706236,"4703,1"
176140,WAHYU PERMANA,BOOSTER AGT 2026 - ACCS,BL,35.10.20260808.14,10706237,"6805,04"
176140,WAHYU PERMANA,BOOSTER AGT 2026 - ACCS,BL,35.10.20260808.14,10708309,"39280,08"
176140,WAHYU PERMANA,REGULER,BD,U35.13.20260808.7,10653995,"40,000"
176140,WAHYU PERMANA,SPECIAL,BJ,35.13.20260809.5,10580409,"10,000"
176140,WAHYU PERMANA,SPECIAL,BJ,35.13.20260809.5,10188211,"8,000"
176140,WAHYU PERMANA,SPECIAL,BJ,35.13.20260809.5,X179245,"8,000"
176140,WAHYU PERMANA,SPECIAL,BJ,35.13.20260809.5,10180836,"10,000"
176140,WAHYU PERMANA,REGULER,BD,U35.7.20260809.3,10705601,"70,000"
176140,WAHYU PERMANA,REGULER,BN,U35.7.20260810.1,10547508,"3,000"
176140,WAHYU PERMANA,REGULER,BQ,U35.7.20260810.1,10499722,"75,000"
176140,WAHYU PERMANA,REGULER,BR,U35.7.20260810.1,10174197,"30,000"
176140,WAHYU PERMANA,REGULER,BR,U35.7.20260810.1,10174300,"18,000"
176140,WAHYU PERMANA,REGULER,BA,U35.7.20260810.1,10564448,"50,000"
176140,WAHYU PERMANA,REGULER,BL,35.10.20260813.20,10516814,"3,000"
176140,WAHYU PERMANA,REGULER,BK,35.6.20260813.12,10467911,"1,200"
176140,WAHYU PERMANA,REGULER,BP,U35.6.20260813.11,10615341,"72,000"
176140,WAHYU PERMANA,REGULER,BR,U35.6.20260813.11,10132778,"25,500"
176140,WAHYU PERMANA,REGULER,BQ,U35.6.20260813.11,10509701,"45,000"
176140,WAHYU PERMANA,REGULER,BP,U35.6.20260813.11,10581768,"42,000"
176140,WAHYU PERMANA,REGULER,BP,U35.6.20260813.11,10603389,"20,400"
176140,WAHYU PERMANA,REGULER,BP,U35.6.20260813.11,10581857,"12,000"
176140,WAHYU PERMANA,REGULER,BP,U35.6.20260813.11,10581853,"36,000"
176140,WAHYU PERMANA,REGULER,BD,U35.6.20260813.11,10580042,"35,000"
176140,WAHYU PERMANA,REGULER,BQ,U35.6.20260813.11,10666133,"30,000"
176140,WAHYU PERMANA,BOOSTER AGT 2026 - FURNI,BP,U35.6.20260813.11,10581768,"50,000"
176140,WAHYU PERMANA,REGULER,BR,U35.6.20260813.12,10132778,"25,500"
176140,WAHYU PERMANA,SPECIAL,BJ,35.8.20260815.27,10422779,0
176140,WAHYU PERMANA,SPECIAL,BB,U35.10.20260815.3,10617181,"80,000"
176140,WAHYU PERMANA,REGULER,BA,U35.8.20260815.12,10511955,0
176140,WAHYU PERMANA,KHUSUS,BA,U35.8.20260815.12,10568395,"99,550"
176140,WAHYU PERMANA,KHUSUS,BA,U35.8.20260815.12,10580934,"999,324"
176140,WAHYU PERMANA,SPECIAL,BD,U35.8.20260815.12,10430149,"500,000"
176140,WAHYU PERMANA,BOOSTER AGT 2026 - FURNI,BA,U35.8.20260815.12,10580934,"500,000"
176140,WAHYU PERMANA,BOOSTER AGT 2026 - FURNI,BD,U35.8.20260815.12,10430149,"100,000"
176140,WAHYU PERMANA,BOOSTER AGT 2026 - ACCS,BO,U35.6.20260816.13,10629693,"120,000"
176140,WAHYU PERMANA,REGULER,BN,35.7.20260817.15,10544849,"1,000"
176140,WAHYU PERMANA,REGULER,BK,35.7.20260817.15,10437787,"1,200"
176140,WAHYU PERMANA,REGULER,BK,35.7.20260817.15,10437788,"6,000"
176140,WAHYU PERMANA,REGULER,BN,35.78.20260817.30,10636359,"2,000"
176140,WAHYU PERMANA,SPECIAL,BJ,35.8.20260817.10,10596035,"50,000"
176140,WAHYU PERMANA,REGULER,BL,35.8.20260817.8,10550394,"3,000"
176140,WAHYU PERMANA,REGULER,BB,U35.0.20260821.1,10625928,"-20,000"
176140,WAHYU PERMANA,REGULER,BB,U35.10.20260821.3,10625928,"20,000"
176140,WAHYU PERMANA,KHUSUS,BA,U35.3.20260821.3,10664851,"65,757"
176140,WAHYU PERMANA,SPECIAL,BB,U35.3.20260821.3,10700155,"50,000"
176140,WAHYU PERMANA,REGULER,BC,U35.10.20260823.1,10250050,"50,000"
176140,WAHYU PERMANA,SPECIAL,BN,35.6.20260825.29,10052867,"6,000"
176140,WAHYU PERMANA,SPECIAL,BN,35.6.20260825.29,10065121,"12,000"
176140,WAHYU PERMANA,SPECIAL,BN,35.6.20260825.29,10065123,"6,000"
176140,WAHYU PERMANA,KHUSUS,BA,U35.6.20260825.4,10691371,"45,036"
176140,WAHYU PERMANA,REGULER,BM,35.13.20260827.11,10595794,"1,000"
176140,WAHYU PERMANA,SPECIAL,BJ,35.13.20260827.11,X084119,"6,000"
176140,WAHYU PERMANA,SPECIAL,BJ,35.13.20260827.11,X103401,"6,000"
176140,WAHYU PERMANA,REGULER,BK,35.8.20260827.10,10639322,"9,600"
176140,WAHYU PERMANA,BOOSTER AGT 2026 - ACCS,BK,35.8.20260827.10,10639322,"25,000"
176140,WAHYU PERMANA,REGULER,BC,U35.10.20260830.11,10701084,"25,000"
176140,WAHYU PERMANA,REGULER,BP,U35.13.20260830.12,10532346,"54,000"
176140,WAHYU PERMANA,BOOSTER AGT 2026 - FURNI,BP,U35.13.20260830.12,10532346,"70,000"
171707,PUTRI AYU NAIBAHO,KHUSUS - JULI 2026,BA,U35.6.20260701.8,10533158,"82,883"
171707,PUTRI AYU NAIBAHO,KHUSUS - JULI 2026,BA,U35.6.20260701.8,10533159,"82,883"
171707,PUTRI AYU NAIBAHO,KHUSUS - JULI 2026,BA,U35.6.20260701.8,10558710,"810,793"
171707,PUTRI AYU NAIBAHO,KHUSUS - JULI 2026,BA,U35.6.20260711.13,10681538,"405,223"
171707,PUTRI AYU NAIBAHO,KHUSUS - JULI 2026,BA,U35.10.20260717.7,10562031,"243,230"
171707,PUTRI AYU NAIBAHO,REGULER,BM,35.10.20260801.49,10132201,"2,000"
171707,PUTRI AYU NAIBAHO,SPECIAL,BJ,35.10.20260801.49,10647655,"30,000"
171707,PUTRI AYU NAIBAHO,REGULER,BG,35.13.20260801.7,10469825,"14,000"
171707,PUTRI AYU NAIBAHO,SPECIAL,BB,U35.10.20260801.6,10657138,"200,000"
171707,PUTRI AYU NAIBAHO,REGULER,BB,U35.4.20260801.17,10583274,"19,000"
171707,PUTRI AYU NAIBAHO,BOOSTER AGT 2026 - FURNI,BI,U35.4.20260801.17,10523537,"25,000"
171707,PUTRI AYU NAIBAHO,REGULER,BL,U35.6.20260801.15,10698334,"25,000"
171707,PUTRI AYU NAIBAHO,BOOSTER AGT 2026 - ACCS,BL,U35.6.20260801.15,10632137,"7666,26"
171707,PUTRI AYU NAIBAHO,BOOSTER AGT 2026 - ACCS,BL,U35.6.20260801.15,10698334,"92333,74"
171707,PUTRI AYU NAIBAHO,REGULER,BD,U35.8.20260801.28,10616596,"60,000"
171707,PUTRI AYU NAIBAHO,REGULER,BA,U35.8.20260801.28,10574621,"105,000"
171707,PUTRI AYU NAIBAHO,SPECIAL,BD,U35.8.20260801.28,10631190,"200,000"
171707,PUTRI AYU NAIBAHO,SPECIAL,BF,U35.8.20260801.28,10689223,"180,000"
171707,PUTRI AYU NAIBAHO,BOOSTER AGT 2026 - ACCS,BK,35.10.20260803.18,10153390,"11803,28"
171707,PUTRI AYU NAIBAHO,BOOSTER AGT 2026 - ACCS,BK,35.10.20260803.18,10495328,"5437,16"
171707,PUTRI AYU NAIBAHO,BOOSTER AGT 2026 - ACCS,BK,35.10.20260803.18,X004245,"1284,15"
171707,PUTRI AYU NAIBAHO,BOOSTER AGT 2026 - ACCS,BK,35.10.20260803.18,X006138,"1584,7"
171707,PUTRI AYU NAIBAHO,BOOSTER AGT 2026 - ACCS,BK,35.10.20260803.18,X101401,"4890,71"
171707,PUTRI AYU NAIBAHO,REGULER,BN,35.10.20260803.28,10700413,"3,000"
171707,PUTRI AYU NAIBAHO,REGULER,BN,35.10.20260803.28,10187944,"3,000"
171707,PUTRI AYU NAIBAHO,BOOSTER AGT 2026 - ACCS,BL,35.4.20260803.10,10607014,"4930,28"
171707,PUTRI AYU NAIBAHO,BOOSTER AGT 2026 - ACCS,BL,35.4.20260803.10,10695892,"4208,17"
171707,PUTRI AYU NAIBAHO,BOOSTER AGT 2026 - ACCS,BL,35.4.20260803.10,10706236,"4457,17"
171707,PUTRI AYU NAIBAHO,BOOSTER AGT 2026 - ACCS,BL,35.4.20260803.10,10710490,"5702,19"
171707,PUTRI AYU NAIBAHO,BOOSTER AGT 2026 - ACCS,BL,35.4.20260803.10,10710492,"5702,19"
171707,PUTRI AYU NAIBAHO,BOOSTER AGT 2026 - ACCS,BM,35.4.20260803.10,10151126,"5686,81"
171707,PUTRI AYU NAIBAHO,BOOSTER AGT 2026 - ACCS,BM,35.4.20260803.10,10538034,"3543,96"
171707,PUTRI AYU NAIBAHO,BOOSTER AGT 2026 - ACCS,BM,35.4.20260803.10,10555021,"5989,01"
171707,PUTRI AYU NAIBAHO,BOOSTER AGT 2026 - ACCS,BM,35.4.20260803.10,10555902,"7637,36"
171707,PUTRI AYU NAIBAHO,BOOSTER AGT 2026 - ACCS,BM,35.4.20260803.10,X127666,"2142,86"
171707,PUTRI AYU NAIBAHO,REGULER,BB,U35.10.20260803.11,10199865,"20,000"
171707,PUTRI AYU NAIBAHO,REGULER,BB,U35.4.20260803.6,10632869,"17,000"
171707,PUTRI AYU NAIBAHO,REGULER,BM,35.10.20260804.21,10102966,"3,000"
171707,PUTRI AYU NAIBAHO,SPECIAL,BE,U35.10.20260804.6,10555856,"150,000"
171707,PUTRI AYU NAIBAHO,SPECIAL,BL,35.10.20260805.14,10571372,"20,000"
171707,PUTRI AYU NAIBAHO,BOOSTER AGT 2026 - ACCS,BL,35.10.20260805.14,10571372,"50,000"
171707,PUTRI AYU NAIBAHO,REGULER,BK,35.10.20260805.16,10542771,"2,400"
171707,PUTRI AYU NAIBAHO,SPECIAL,BJ,35.10.20260805.16,10609646,"10,000"
171707,PUTRI AYU NAIBAHO,REGULER,BK,35.10.20260805.19,10667454,"2,400"
171707,PUTRI AYU NAIBAHO,REGULER,BK,35.4.20260806.4,10469867,"2,400"
171707,PUTRI AYU NAIBAHO,SPECIAL,BJ,35.4.20260806.4,10572389,"4,000"
171707,PUTRI AYU NAIBAHO,SPECIAL,BJ,35.4.20260806.4,10572382,"4,000"
171707,PUTRI AYU NAIBAHO,SPECIAL,BJ,35.4.20260806.4,10572032,"10,000"
171707,PUTRI AYU NAIBAHO,SPECIAL,BJ,35.4.20260806.4,10572372,"18,000"
171707,PUTRI AYU NAIBAHO,REGULER,BO,35.8.20260806.12,10565507,"1,000"
171707,PUTRI AYU NAIBAHO,KHUSUS,BA,U35.10.20260808.8,10634167,"170,257"
171707,PUTRI AYU NAIBAHO,REGULER,BM,35.10.20260809.2,10410875,"4,000"
171707,PUTRI AYU NAIBAHO,REGULER,BL,35.10.20260809.2,10701495,"7,000"
171707,PUTRI AYU NAIBAHO,REGULER,BO,35.10.20260809.2,10506858,0
171707,PUTRI AYU NAIBAHO,REGULER,BO,35.10.20260809.2,10644513,"1,000"
171707,PUTRI AYU NAIBAHO,REGULER,BO,35.10.20260809.2,10644512,"1,000"
171707,PUTRI AYU NAIBAHO,REGULER,BL,35.10.20260809.2,10550626,"2,000"
171707,PUTRI AYU NAIBAHO,REGULER,BL,35.10.20260809.2,10550627,"2,000"
171707,PUTRI AYU NAIBAHO,REGULER,BL,35.10.20260809.2,10550628,"2,000"
171707,PUTRI AYU NAIBAHO,BOOSTER AGT 2026 - ACCS,BL,35.10.20260809.2,10550626,"8847,56"
171707,PUTRI AYU NAIBAHO,BOOSTER AGT 2026 - ACCS,BL,35.10.20260809.2,10550627,"8847,56"
171707,PUTRI AYU NAIBAHO,BOOSTER AGT 2026 - ACCS,BL,35.10.20260809.2,10550628,"8847,56"
171707,PUTRI AYU NAIBAHO,BOOSTER AGT 2026 - ACCS,BL,35.10.20260809.2,10701495,"23457,31"
171707,PUTRI AYU NAIBAHO,REGULER,BO,35.6.20260809.29,10689588,"20,000"
171707,PUTRI AYU NAIBAHO,BOOSTER AGT 2026 - ACCS,BO,35.6.20260809.29,10689588,"60,000"
171707,PUTRI AYU NAIBAHO,REGULER,BP,U35.13.20260809.25,10551642,"30,000"
171707,PUTRI AYU NAIBAHO,SPECIAL,BL,35.10.20260810.11,10645392,"50,000"
171707,PUTRI AYU NAIBAHO,SPECIAL,BJ,35.10.20260810.11,10647661,"30,000"
171707,PUTRI AYU NAIBAHO,SPECIAL,BJ,35.10.20260810.11,10695961,"50,000"
171707,PUTRI AYU NAIBAHO,BOOSTER AGT 2026 - ACCS,BL,35.10.20260810.11,10645392,"75,000"
171707,PUTRI AYU NAIBAHO,REGULER,BL,35.10.20260810.13,10698324,"9,000"
171707,PUTRI AYU NAIBAHO,BOOSTER AGT 2026 - ACCS,BL,35.10.20260810.13,10698324,"25,000"
171707,PUTRI AYU NAIBAHO,REGULER,BJ,35.7.20260810.19,10664236,"4,000"
171707,PUTRI AYU NAIBAHO,SPECIAL,BF,U35.7.20260810.12,10648126,"150,000"
171707,PUTRI AYU NAIBAHO,REGULER,BK,35.8.20260811.17,10554239,"1,200"
171707,PUTRI AYU NAIBAHO,REGULER,BK,35.8.20260811.17,10462452,"2,400"
171707,PUTRI AYU NAIBAHO,REGULER,BK,35.8.20260811.17,10462451,"2,400"
171707,PUTRI AYU NAIBAHO,BOOSTER AGT 2026 - ACCS,BK,35.8.20260811.17,10462451,"7308,73"
171707,PUTRI AYU NAIBAHO,BOOSTER AGT 2026 - ACCS,BK,35.8.20260811.17,10462452,"9753,12"
171707,PUTRI AYU NAIBAHO,BOOSTER AGT 2026 - ACCS,BK,35.8.20260811.17,10554239,"6575,41"
171707,PUTRI AYU NAIBAHO,BOOSTER AGT 2026 - ACCS,BK,35.8.20260811.17,X004244,"1130,53"
171707,PUTRI AYU NAIBAHO,BOOSTER AGT 2026 - ACCS,BK,35.8.20260811.17,X006138,"886,09"
171707,PUTRI AYU NAIBAHO,BOOSTER AGT 2026 - ACCS,BK,35.8.20260811.17,X033306,"49346,13"
171707,PUTRI AYU NAIBAHO,REGULER,BR,U35.13.20260811.8,10472022,"112,500"
171707,PUTRI AYU NAIBAHO,REGULER,BR,U35.13.20260811.8,10177599,"27,000"
171707,PUTRI AYU NAIBAHO,REGULER,BL,35.7.20260813.19,10471332,"4,000"
171707,PUTRI AYU NAIBAHO,REGULER,BK,35.8.20260813.20,10430206,"2,400"
171707,PUTRI AYU NAIBAHO,REGULER,BC,U35.7.20260813.11,10684470,"55,000"
171707,PUTRI AYU NAIBAHO,REGULER,BB,U35.7.20260813.11,10604362,"5,000"
171707,PUTRI AYU NAIBAHO,KHUSUS,BB,U35.7.20260813.11,10580926,"10,811"
171707,PUTRI AYU NAIBAHO,REGULER,BK,U35.8.20260813.9,10313721,"7,200"
171707,PUTRI AYU NAIBAHO,REGULER,BL,35.3.20260814.5,10550396,"3,000"
171707,PUTRI AYU NAIBAHO,REGULER,BO,35.8.20260815.30,10599271,"1,000"
171707,PUTRI AYU NAIBAHO,REGULER,BO,35.8.20260815.30,10599270,"1,000"
171707,PUTRI AYU NAIBAHO,REGULER,BR,U35.13.20260815.5,10589328,"28,500"
171707,PUTRI AYU NAIBAHO,REGULER,BG,U35.13.20260815.5,10559896,"15,000"
171707,PUTRI AYU NAIBAHO,REGULER,BA,U35.8.20260815.15,10681534,"55,000"
171707,PUTRI AYU NAIBAHO,REGULER,BB,U35.8.20260815.15,10602601,"8,000"
171707,PUTRI AYU NAIBAHO,REGULER,BR,U35.8.20260815.16,10570194,"4,500"
171707,PUTRI AYU NAIBAHO,REGULER,BM,U35.8.20260815.16,10599300,"3,000"
171707,PUTRI AYU NAIBAHO,REGULER,BK,35.10.20260816.23,10697865,"4,800"
171707,PUTRI AYU NAIBAHO,REGULER,BK,35.10.20260816.23,10411585,"3,600"
171707,PUTRI AYU NAIBAHO,BOOSTER AGT 2026 - ACCS,BK,35.10.20260816.23,10411585,"11724,29"
171707,PUTRI AYU NAIBAHO,BOOSTER AGT 2026 - ACCS,BK,35.10.20260816.23,10697865,"13275,71"
171707,PUTRI AYU NAIBAHO,REGULER,BN,35.6.20260816.9,10198897,"3,000"
171707,PUTRI AYU NAIBAHO,REGULER,BL,35.6.20260816.9,10504968,"8,000"
171707,PUTRI AYU NAIBAHO,REGULER,BN,35.6.20260816.9,10030488,"25,000"
171707,PUTRI AYU NAIBAHO,REGULER,BK,35.6.20260816.9,10458874,"6,000"
171707,PUTRI AYU NAIBAHO,SPECIAL,BL,35.6.20260816.9,10642175,"70,000"
171707,PUTRI AYU NAIBAHO,SPECIAL,BN,35.6.20260816.9,10661489,"10,000"
171707,PUTRI AYU NAIBAHO,BOOSTER AGT 2026 - ACCS,BL,35.6.20260816.9,10504968,"32745,79"
171707,PUTRI AYU NAIBAHO,BOOSTER AGT 2026 - ACCS,BL,35.6.20260816.9,10642175,"92254,21"
171707,PUTRI AYU NAIBAHO,REGULER,BR,U35.4.20260816.15,10667021,"30,000"
171707,PUTRI AYU NAIBAHO,REGULER,BM,35.7.20260817.12,10056454,"1,000"
171707,PUTRI AYU NAIBAHO,REGULER,BR,U35.6.20260817.14,10375947,"37,500"
171707,PUTRI AYU NAIBAHO,SPECIAL,BF,U35.7.20260817.1,10602206,"25,000"
171707,PUTRI AYU NAIBAHO,KHUSUS,BA,U35.3.20260821.4,10719948,"267,554"
171707,PUTRI AYU NAIBAHO,SPECIAL,BE,U35.3.20260821.4,10617982,"160,000"
171707,PUTRI AYU NAIBAHO,SPECIAL,BE,U35.3.20260821.4,10621195,"215,000"
171707,PUTRI AYU NAIBAHO,SPECIAL,BF,U35.4.20260825.3,10602206,"25,000"
171707,PUTRI AYU NAIBAHO,REGULER,BB,U35.6.20260827.5,10625928,"20,000"
171707,PUTRI AYU NAIBAHO,KHUSUS,BA,U35.6.20260827.5,10700445,"108,095"
171707,PUTRI AYU NAIBAHO,KHUSUS,BA,U35.6.20260827.5,10701097,"108,095"
171707,PUTRI AYU NAIBAHO,REGULER,BD,U35.3.20260830.2,10613913,"190,000"
171707,PUTRI AYU NAIBAHO,KHUSUS,BB,U35.3.20260830.4,10667037,"64,315"
174457,FERA YUNIAR,REGULER,BB,35.7.20260801.11,10576296,"11,000"
174457,FERA YUNIAR,SPECIAL,BJ,35.7.20260801.13,10422780,0
174457,FERA YUNIAR,REGULER,BL,35.8.20260801.42,10532043,"2,000"
174457,FERA YUNIAR,REGULER,BL,35.8.20260801.42,10532039,"2,000"
174457,FERA YUNIAR,REGULER,BI,U35.3.20260801.6,10569959,"9,600"
174457,FERA YUNIAR,REGULER,BC,U35.4.20260801.3,10698311,"60,000"
174457,FERA YUNIAR,REGULER,BA,U35.7.20260801.8,10614288,0
174457,FERA YUNIAR,REGULER,BA,U35.7.20260801.8,10614287,"80,000"
174457,FERA YUNIAR,SPECIAL,BB,U35.7.20260801.8,10679061,"30,000"
174457,FERA YUNIAR,REGULER,BL,U35.7.20260801.9,10488568,"3,000"
174457,FERA YUNIAR,REGULER,BB,U35.7.20260801.9,10625927,"8,000"
174457,FERA YUNIAR,BOOSTER AGT 2026 - ACCS,BL,U35.7.20260801.9,10192431,"2980,58"
174457,FERA YUNIAR,BOOSTER AGT 2026 - ACCS,BL,U35.7.20260801.9,10257906,"5818,82"
174457,FERA YUNIAR,BOOSTER AGT 2026 - ACCS,BL,U35.7.20260801.9,10450396,"7493,3"
174457,FERA YUNIAR,BOOSTER AGT 2026 - ACCS,BL,U35.7.20260801.9,10488568,"8707,3"
174457,FERA YUNIAR,REGULER,BO,35.10.20260802.44,10599263,"1,000"
174457,FERA YUNIAR,BOOSTER AGT 2026 - ACCS,BL,35.3.20260802.31,10552426,"75,000"
174457,FERA YUNIAR,REGULER,BR,U35.10.20260802.17,10132778,"25,500"
174457,FERA YUNIAR,REGULER,BB,U35.10.20260802.17,10350221,"9,000"
174457,FERA YUNIAR,KHUSUS,BA,U35.10.20260802.17,10644741,"85,577"
174457,FERA YUNIAR,REGULER,BM,U35.10.20260802.18,10594886,"2,000"
174457,FERA YUNIAR,BOOSTER AGT 2026 - ACCS,BM,U35.10.20260802.18,10594886,"10599,23"
174457,FERA YUNIAR,BOOSTER AGT 2026 - ACCS,BM,U35.10.20260802.18,10611199,"14400,77"
174457,FERA YUNIAR,REGULER,BL,U35.6.20260802.18,10694065,"5,000"
174457,FERA YUNIAR,SPECIAL,BL,U35.6.20260802.18,10694052,"110,000"
174457,FERA YUNIAR,SPECIAL,BL,U35.6.20260802.18,10694054,"120,000"
174457,FERA YUNIAR,BOOSTER AGT 2026 - ACCS,BL,U35.6.20260802.18,10694052,"145973,52"
174457,FERA YUNIAR,BOOSTER AGT 2026 - ACCS,BL,U35.6.20260802.18,10694054,"184061,85"
174457,FERA YUNIAR,BOOSTER AGT 2026 - ACCS,BL,U35.6.20260802.18,10694065,"19964,63"
174457,FERA YUNIAR,REGULER,BM,35.78.20260803.68,10161038,"3,000"
174457,FERA YUNIAR,REGULER,BM,35.78.20260803.69,10594886,"3,000"
174457,FERA YUNIAR,REGULER,BK,35.78.20260803.70,10667469,"2,400"
174457,FERA YUNIAR,REGULER,BJ,35.78.20260803.72,10695144,"8,000"
174457,FERA YUNIAR,REGULER,BM,35.8.20260803.7,10595794,"2,000"
174457,FERA YUNIAR,REGULER,BN,35.8.20260803.7,10421603,"2,000"
174457,FERA YUNIAR,REGULER,BK,35.8.20260803.7,10462451,"6,000"
174457,FERA YUNIAR,SPECIAL,BJ,35.8.20260803.7,10647653,"30,000"
174457,FERA YUNIAR,SPECIAL,BJ,35.8.20260803.7,10677531,"150,000"
174457,FERA YUNIAR,SPECIAL,BJ,35.8.20260803.7,10572390,"12,000"
174457,FERA YUNIAR,SPECIAL,BJ,35.8.20260803.7,10695962,"50,000"
174457,FERA YUNIAR,SPECIAL,BJ,35.8.20260803.7,10572381,"4,000"
174457,FERA YUNIAR,BOOSTER AGT 2026 - ACCS,BK,35.8.20260803.7,10462451,"10006,69"
174457,FERA YUNIAR,BOOSTER AGT 2026 - ACCS,BK,35.8.20260803.7,10491808,"6659,97"
174457,FERA YUNIAR,BOOSTER AGT 2026 - ACCS,BK,35.8.20260803.7,10615170,"8333,33"
174457,FERA YUNIAR,BOOSTER AGT 2026 - ACCS,DA,35.8.20260803.7,10639129,"25227,27"
174457,FERA YUNIAR,BOOSTER AGT 2026 - ACCS,DB,35.8.20260803.7,10487084,"4772,73"
174457,FERA YUNIAR,REGULER,BC,U35.6.20260803.2,10588596,"35,000"
174457,FERA YUNIAR,REGULER,BC,U35.6.20260803.2,10649201,"55,000"
174457,FERA YUNIAR,REGULER,BC,U35.6.20260803.2,10649202,"45,000"
174457,FERA YUNIAR,REGULER,BC,U35.6.20260803.2,10649199,"60,000"
174457,FERA YUNIAR,REGULER,BC,U35.6.20260803.2,10649203,"50,000"
174457,FERA YUNIAR,REGULER,BC,U35.6.20260803.2,10649200,"225,000"
174457,FERA YUNIAR,KHUSUS,BC,U35.6.20260803.2,10649202,"116,667"
174457,FERA YUNIAR,KHUSUS,BC,U35.6.20260803.2,10649203,"116,667"
174457,FERA YUNIAR,KHUSUS,BC,U35.6.20260803.2,10588596,"116,667"
174457,FERA YUNIAR,KHUSUS,BC,U35.6.20260803.2,10649199,"116,667"
174457,FERA YUNIAR,KHUSUS,BC,U35.6.20260803.2,10649200,"116,667"
174457,FERA YUNIAR,KHUSUS,BC,U35.6.20260803.2,10649201,"116,667"
174457,FERA YUNIAR,SPECIAL,BL,U35.8.20260803.2,10632130,"140,000"
174457,FERA YUNIAR,BOOSTER AGT 2026 - ACCS,BL,U35.8.20260803.2,10632130,"175,000"
174457,FERA YUNIAR,SPECIAL,BJ,35.4.20260805.6,10602647,"10,000"
174457,FERA YUNIAR,SPECIAL,BJ,35.4.20260805.6,10602851,"3,000"
174457,FERA YUNIAR,REGULER,BO,35.6.20260807.13,10599265,"1,000"
174457,FERA YUNIAR,REGULER,BM,35.6.20260807.13,10029821,"3,000"
174457,FERA YUNIAR,REGULER,BP,U35.8.20260808.16,10672451,"14,400"
174457,FERA YUNIAR,KHUSUS,BA,U35.8.20260808.24,10682737,"120,608"
174457,FERA YUNIAR,KHUSUS,BA,U35.8.20260808.24,10682740,"120,608"
174457,FERA YUNIAR,KHUSUS,BA,U35.8.20260808.24,10682732,"1,261,216"
174457,FERA YUNIAR,SPECIAL,BB,U35.8.20260808.24,10507505,"200,000"
174457,FERA YUNIAR,SPECIAL,BB,U35.8.20260808.24,10387598,"200,000"
174457,FERA YUNIAR,SPECIAL,BB,U35.8.20260808.24,10617181,"80,000"
174457,FERA YUNIAR,REGULER,BD,U35.13.20260812.5,10546013,"110,000"
174457,FERA YUNIAR,SPECIAL,BD,U35.13.20260812.5,10655961,"200,000"
174457,FERA YUNIAR,SPECIAL,BJ,35.6.20260816.25,10560074,"9,000"
174457,FERA YUNIAR,SPECIAL,BJ,35.6.20260816.25,10560051,"8,000"
174457,FERA YUNIAR,REGULER,BB,U35.3.20260816.14,10671376,"25,000"
174457,FERA YUNIAR,REGULER,BD,U35.10.20260817.10,10696150,"35,000"
174457,FERA YUNIAR,REGULER,BC,U35.10.20260817.10,10663090,"55,000"
174457,FERA YUNIAR,REGULER,BF,U35.8.20260817.4,10571550,"130,000"
174457,FERA YUNIAR,REGULER,BF,U35.8.20260817.4,10413262,"65,000"
174457,FERA YUNIAR,REGULER,BL,35.6.20260821.20,10213918,0
174457,FERA YUNIAR,REGULER,BM,35.6.20260823.34,10593568,"2,000"
174457,FERA YUNIAR,REGULER,BO,35.10.20260826.3,10637801,"4,000"
174457,FERA YUNIAR,REGULER,BB,U35.6.20260829.8,10618364,"12,000"
174457,FERA YUNIAR,SPECIAL,BB,U35.6.20260830.3,10707627,"100,000"
174457,FERA YUNIAR,REGULER,BB,U35.6.20260830.4,10629144,"20,000"
189824,SARI NOVATIANI,KHUSUS - JULI 2026,BA,U35.7.20260728.5,10553774,"45,036"
189824,SARI NOVATIANI,REGULER,BO,35.7.20260801.17,10666065,"1,000"
189824,SARI NOVATIANI,REGULER,DB,35.7.20260801.26,10571117,"7,500"
189824,SARI NOVATIANI,REGULER,BD,U35.7.20260801.3,10705602,"55,000"
189824,SARI NOVATIANI,REGULER,BM,U35.7.20260801.3,10627016,"6,000"
189824,SARI NOVATIANI,SPECIAL,BD,U35.3.20260802.12,10571751,0
189824,SARI NOVATIANI,REGULER,BK,35.8.20260804.9,10421515,"10,800"
189824,SARI NOVATIANI,SPECIAL,BL,35.8.20260804.9,10694052,"110,000"
189824,SARI NOVATIANI,BOOSTER AGT 2026 - ACCS,BK,35.8.20260804.9,10421515,"25,000"
189824,SARI NOVATIANI,BOOSTER AGT 2026 - ACCS,BL,35.8.20260804.9,10694052,"150,000"
189824,SARI NOVATIANI,REGULER,BR,U35.13.20260804.11,10472020,"90,000"
189824,SARI NOVATIANI,REGULER,BR,U35.13.20260804.12,10177599,"82,500"
189824,SARI NOVATIANI,REGULER,BR,U35.13.20260804.13,10177599,"27,000"
189824,SARI NOVATIANI,REGULER,BR,U35.13.20260804.13,10472020,"45,000"
189824,SARI NOVATIANI,REGULER,BR,U35.13.20260804.14,10472020,"90,000"
189824,SARI NOVATIANI,REGULER,BR,U35.13.20260804.8,10105249,"135,000"
189824,SARI NOVATIANI,REGULER,BR,U35.13.20260804.9,10105249,"135,000"
189824,SARI NOVATIANI,REGULER,BR,U35.8.20260804.7,10472020,"45,000"
189824,SARI NOVATIANI,KHUSUS,BA,U35.6.20260808.9,10659560,"54,045"
189824,SARI NOVATIANI,REGULER,BO,35.6.20260809.19,10599270,"1,000"
189824,SARI NOVATIANI,REGULER,BA,U35.10.20260809.6,10511955,0
189824,SARI NOVATIANI,SPECIAL,BN,35.3.20260813.3,10349990,"7,000"
189824,SARI NOVATIANI,REGULER,DB,35.3.20260813.7,10622132,"6,000"
189824,SARI NOVATIANI,BOOSTER AGT 2026 - ACCS,DB,35.3.20260813.7,10564154,"5696,56"
189824,SARI NOVATIANI,BOOSTER AGT 2026 - ACCS,DB,35.3.20260813.7,10598521,"11421,76"
189824,SARI NOVATIANI,BOOSTER AGT 2026 - ACCS,DB,35.3.20260813.7,10622132,"12881,68"
189824,SARI NOVATIANI,REGULER,BN,35.6.20260813.12,10092439,"2,000"
189824,SARI NOVATIANI,REGULER,BN,35.10.20260815.47,10470079,"4,000"
189824,SARI NOVATIANI,REGULER,DB,35.10.20260815.47,10572617,"13,500"
189824,SARI NOVATIANI,REGULER,BE,U35.3.20260815.15,10686027,"25,000"
189824,SARI NOVATIANI,SPECIAL,BF,U35.3.20260815.15,10708980,"25,000"
189824,SARI NOVATIANI,REGULER,BQ,U35.4.20260815.20,10666141,"14,000"
189824,SARI NOVATIANI,REGULER,BO,35.3.20260816.3,10565011,"1,000"
189824,SARI NOVATIANI,REGULER,BO,35.3.20260816.3,10565010,"1,000"
189824,SARI NOVATIANI,BOOSTER AGT 2026 - ACCS,BO,35.3.20260816.3,10562272,"20029,23"
189824,SARI NOVATIANI,BOOSTER AGT 2026 - ACCS,BO,35.3.20260816.3,10565010,"4985,39"
189824,SARI NOVATIANI,BOOSTER AGT 2026 - ACCS,BO,35.3.20260816.3,10565011,"4985,39"
189824,SARI NOVATIANI,REGULER,BO,35.3.20260817.28,10697006,"1,000"
189824,SARI NOVATIANI,REGULER,BO,35.3.20260817.43,10644937,"3,000"
189824,SARI NOVATIANI,REGULER,BN,35.7.20260817.43,10275874,"2,000"
189824,SARI NOVATIANI,REGULER,BK,U35.8.20260817.8,10499502,"2,400"
189824,SARI NOVATIANI,REGULER,BO,U35.8.20260817.8,10698132,"20,000"
189824,SARI NOVATIANI,REGULER,BK,U35.8.20260817.8,10541975,"19,200"
189824,SARI NOVATIANI,REGULER,BB,U35.8.20260817.8,10571021,"9,000"
189824,SARI NOVATIANI,REGULER,BK,U35.8.20260817.8,10574120,"1,200"
189824,SARI NOVATIANI,BOOSTER AGT 2026 - ACCS,BK,U35.8.20260817.8,10499502,"9355,17"
189824,SARI NOVATIANI,BOOSTER AGT 2026 - ACCS,BK,U35.8.20260817.8,10541975,"59091,84"
189824,SARI NOVATIANI,BOOSTER AGT 2026 - ACCS,BK,U35.8.20260817.8,10574120,"6552,99"
189824,SARI NOVATIANI,BOOSTER AGT 2026 - ACCS,BO,U35.8.20260817.8,10698132,"60,000"
189824,SARI NOVATIANI,REGULER,DB,35.3.20260818.2,10708621,"15,000"
189824,SARI NOVATIANI,BOOSTER AGT 2026 - ACCS,DB,35.3.20260818.2,10708621,"30,000"
189824,SARI NOVATIANI,SPECIAL,BN,35.3.20260820.4,10553954,"5,000"
189824,SARI NOVATIANI,REGULER,BN,35.7.20260820.8,10541411,0
189824,SARI NOVATIANI,REGULER,BN,35.7.20260820.8,10541400,0
189824,SARI NOVATIANI,REGULER,BQ,U35.4.20260820.11,10509701,"45,000"
189824,SARI NOVATIANI,REGULER,BD,U35.7.20260820.3,10578755,"8,000"
189824,SARI NOVATIANI,REGULER,DB,35.3.20260822.6,10668796,"10,500"
189824,SARI NOVATIANI,REGULER,BD,U35.0.20260822.1,10247921,"-280,000"
189824,SARI NOVATIANI,SPECIAL,BD,U35.0.20260822.1,10445930,0
189824,SARI NOVATIANI,BOOSTER AGT 2026 - FURNI,BD,U35.0.20260822.1,10445930,"-100,000"
189824,SARI NOVATIANI,REGULER,BA,U35.0.20260822.2,10511955,0
189824,SARI NOVATIANI,REGULER,BA,U35.7.20260822.11,10511955,0
189824,SARI NOVATIANI,KHUSUS,BA,U35.7.20260822.11,10514055,"193,014"
189824,SARI NOVATIANI,KHUSUS,BA,U35.7.20260822.11,10682738,"193,014"
189824,SARI NOVATIANI,KHUSUS,BA,U35.7.20260822.11,10682732,"1,261,216"
189824,SARI NOVATIANI,REGULER,BL,U35.7.20260822.13,10708310,"10,000"
189824,SARI NOVATIANI,REGULER,BK,U35.7.20260822.13,10627684,"12,000"
189824,SARI NOVATIANI,REGULER,BL,U35.7.20260822.13,10708309,"10,000"
189824,SARI NOVATIANI,REGULER,BK,U35.7.20260822.13,10698740,"24,000"
189824,SARI NOVATIANI,REGULER,BL,U35.7.20260822.13,10712007,"17,000"
189824,SARI NOVATIANI,SPECIAL,BL,U35.7.20260822.13,10501869,"50,000"
189824,SARI NOVATIANI,SPECIAL,BN,U35.7.20260822.13,10443912,"12,000"
189824,SARI NOVATIANI,SPECIAL,BN,U35.7.20260822.13,10675111,"10,000"
189824,SARI NOVATIANI,SPECIAL,BL,U35.7.20260822.13,10632132,"140,000"
189824,SARI NOVATIANI,BOOSTER AGT 2026 - ACCS,BK,U35.7.20260822.13,10627684,"33325,92"
189824,SARI NOVATIANI,BOOSTER AGT 2026 - ACCS,BK,U35.7.20260822.13,10698740,"66674,08"
189824,SARI NOVATIANI,BOOSTER AGT 2026 - ACCS,BL,U35.7.20260822.13,10501869,"95017,74"
189824,SARI NOVATIANI,BOOSTER AGT 2026 - ACCS,BL,U35.7.20260822.13,10632132,"243896,83"
189824,SARI NOVATIANI,BOOSTER AGT 2026 - ACCS,BL,U35.7.20260822.13,10708309,"37893,04"
189824,SARI NOVATIANI,BOOSTER AGT 2026 - ACCS,BL,U35.7.20260822.13,10708310,"37893,04"
189824,SARI NOVATIANI,BOOSTER AGT 2026 - ACCS,BL,U35.7.20260822.13,10712007,"60299,36"
189824,SARI NOVATIANI,REGULER,DB,U35.7.20260822.18,10598514,"15,000"
189824,SARI NOVATIANI,BOOSTER AGT 2026 - ACCS,DB,U35.7.20260822.18,10598514,"30,000"
189824,SARI NOVATIANI,REGULER,BD,U35.7.20260822.9,10247921,"280,000"
189824,SARI NOVATIANI,SPECIAL,BD,U35.7.20260822.9,10445930,0
189824,SARI NOVATIANI,BOOSTER AGT 2026 - FURNI,BD,U35.7.20260822.9,10445930,"100,000"
189824,SARI NOVATIANI,REGULER,BD,U35.3.20260823.14,10705602,"70,000"
189824,SARI NOVATIANI,REGULER,BR,U35.13.20260825.29,10275775,"232,500"
189824,SARI NOVATIANI,REGULER,BR,U35.4.20260828.10,10516493,"900,000"
